id,class
0,3.00E+00
1,5.00E+00
2,2.00E+00
3,7.00E+00
4,6.00E+00
5,9.00E+00
6,7.00E+00
7,1.00E+00
8,3.00E+00
9,0.00E+00
10,8.00E+00
11,8.00E+00
12,3.00E+00
13,9.00E+00
14,3.00E+00
15,8.00E+00
16,3.00E+00
17,7.00E+00
18,0.00E+00
19,5.00E+00
20,1.00E+00
21,6.00E+00
22,3.00E+00
23,6.00E+00
24,4.00E+00
25,3.00E+00
26,0.00E+00
27,0.00E+00
28,3.00E+00
29,7.00E+00
30,8.00E+00
31,2.00E+00
32,7.00E+00
33,4.00E+00
34,1.00E+00
35,2.00E+00
36,4.00E+00
37,3.00E+00
38,0.00E+00
39,1.00E+00
40,3.00E+00
41,2.00E+00
42,9.00E+00
43,1.00E+00
44,1.00E+00
45,3.00E+00
46,7.00E+00
47,4.00E+00
48,3.00E+00
49,0.00E+00
50,9.00E+00
51,7.00E+00
52,8.00E+00
53,4.00E+00
54,9.00E+00
55,9.00E+00
56,9.00E+00
57,6.00E+00
58,3.00E+00
59,1.00E+00
60,2.00E+00
61,8.00E+00
62,1.00E+00
63,5.00E+00
64,7.00E+00
65,8.00E+00
66,4.00E+00
67,4.00E+00
68,9.00E+00
69,2.00E+00
70,4.00E+00
71,7.00E+00
72,1.00E+00
73,4.00E+00
74,7.00E+00
75,4.00E+00
76,3.00E+00
77,0.00E+00
78,0.00E+00
79,3.00E+00
80,8.00E+00
81,4.00E+00
82,0.00E+00
83,8.00E+00
84,8.00E+00
85,7.00E+00
86,9.00E+00
87,9.00E+00
88,6.00E+00
89,9.00E+00
90,2.00E+00
91,8.00E+00
92,1.00E+00
93,1.00E+00
94,0.00E+00
95,1.00E+00
96,6.00E+00
97,5.00E+00
98,1.00E+00
99,4.00E+00
100,8.00E+00
101,3.00E+00
102,6.00E+00
103,7.00E+00
104,0.00E+00
105,7.00E+00
106,9.00E+00
107,4.00E+00
108,0.00E+00
109,4.00E+00
110,2.00E+00
111,9.00E+00
112,0.00E+00
113,3.00E+00
114,1.00E+00
115,6.00E+00
116,1.00E+00
117,4.00E+00
118,4.00E+00
119,6.00E+00
120,3.00E+00
121,2.00E+00
122,2.00E+00
123,5.00E+00
124,8.00E+00
125,9.00E+00
126,8.00E+00
127,9.00E+00
128,4.00E+00
129,3.00E+00
130,5.00E+00
131,9.00E+00
132,3.00E+00
133,4.00E+00
134,4.00E+00
135,9.00E+00
136,9.00E+00
137,1.00E+00
138,7.00E+00
139,3.00E+00
140,8.00E+00
141,9.00E+00
142,7.00E+00
143,7.00E+00
144,4.00E+00
145,4.00E+00
146,0.00E+00
147,6.00E+00
148,5.00E+00
149,8.00E+00
150,8.00E+00
151,1.00E+00
152,4.00E+00
153,0.00E+00
154,9.00E+00
155,5.00E+00
156,4.00E+00
157,5.00E+00
158,5.00E+00
159,7.00E+00
160,1.00E+00
161,9.00E+00
162,0.00E+00
163,0.00E+00
164,0.00E+00
165,2.00E+00
166,3.00E+00
167,0.00E+00
168,2.00E+00
169,5.00E+00
170,6.00E+00
171,4.00E+00
172,4.00E+00
173,1.00E+00
174,3.00E+00
175,3.00E+00
176,9.00E+00
177,0.00E+00
178,0.00E+00
179,4.00E+00
180,9.00E+00
181,4.00E+00
182,8.00E+00
183,7.00E+00
184,6.00E+00
185,2.00E+00
186,2.00E+00
187,8.00E+00
188,4.00E+00
189,6.00E+00
190,1.00E+00
191,4.00E+00
192,0.00E+00
193,8.00E+00
194,5.00E+00
195,1.00E+00
196,3.00E+00
197,9.00E+00
198,3.00E+00
199,3.00E+00
200,3.00E+00
201,0.00E+00
202,4.00E+00
203,3.00E+00
204,4.00E+00
205,6.00E+00
206,9.00E+00
207,6.00E+00
208,8.00E+00
209,1.00E+00
210,6.00E+00
211,7.00E+00
212,6.00E+00
213,3.00E+00
214,2.00E+00
215,4.00E+00
216,9.00E+00
217,4.00E+00
218,9.00E+00
219,8.00E+00
220,4.00E+00
221,1.00E+00
222,4.00E+00
223,2.00E+00
224,6.00E+00
225,6.00E+00
226,2.00E+00
227,5.00E+00
228,2.00E+00
229,8.00E+00
230,8.00E+00
231,1.00E+00
232,9.00E+00
233,1.00E+00
234,6.00E+00
235,9.00E+00
236,8.00E+00
237,9.00E+00
238,3.00E+00
239,7.00E+00
240,8.00E+00
241,4.00E+00
242,7.00E+00
243,4.00E+00
244,4.00E+00
245,0.00E+00
246,1.00E+00
247,5.00E+00
248,1.00E+00
249,0.00E+00
250,1.00E+00
251,7.00E+00
252,6.00E+00
253,4.00E+00
254,5.00E+00
255,3.00E+00
256,8.00E+00
257,1.00E+00
258,0.00E+00
259,4.00E+00
260,7.00E+00
261,8.00E+00
262,3.00E+00
263,4.00E+00
264,8.00E+00
265,4.00E+00
266,3.00E+00
267,1.00E+00
268,8.00E+00
269,9.00E+00
270,0.00E+00
271,1.00E+00
272,3.00E+00
273,1.00E+00
274,7.00E+00
275,6.00E+00
276,9.00E+00
277,6.00E+00
278,0.00E+00
279,0.00E+00
280,0.00E+00
281,8.00E+00
282,9.00E+00
283,0.00E+00
284,5.00E+00
285,8.00E+00
286,0.00E+00
287,3.00E+00
288,2.00E+00
289,9.00E+00
290,0.00E+00
291,4.00E+00
292,7.00E+00
293,3.00E+00
294,3.00E+00
295,6.00E+00
296,9.00E+00
297,8.00E+00
298,2.00E+00
299,6.00E+00
300,5.00E+00
301,1.00E+00
302,7.00E+00
303,2.00E+00
304,4.00E+00
305,9.00E+00
306,0.00E+00
307,4.00E+00
308,3.00E+00
309,1.00E+00
310,7.00E+00
311,7.00E+00
312,5.00E+00
313,0.00E+00
314,9.00E+00
315,4.00E+00
316,2.00E+00
317,6.00E+00
318,7.00E+00
319,5.00E+00
320,0.00E+00
321,3.00E+00
322,2.00E+00
323,3.00E+00
324,9.00E+00
325,0.00E+00
326,9.00E+00
327,6.00E+00
328,4.00E+00
329,2.00E+00
330,1.00E+00
331,5.00E+00
332,3.00E+00
333,1.00E+00
334,2.00E+00
335,3.00E+00
336,1.00E+00
337,9.00E+00
338,2.00E+00
339,6.00E+00
340,0.00E+00
341,6.00E+00
342,8.00E+00
343,1.00E+00
344,1.00E+00
345,9.00E+00
346,9.00E+00
347,7.00E+00
348,4.00E+00
349,0.00E+00
350,0.00E+00
351,1.00E+00
352,2.00E+00
353,7.00E+00
354,6.00E+00
355,6.00E+00
356,4.00E+00
357,1.00E+00
358,3.00E+00
359,6.00E+00
360,6.00E+00
361,3.00E+00
362,3.00E+00
363,5.00E+00
364,3.00E+00
365,7.00E+00
366,8.00E+00
367,3.00E+00
368,4.00E+00
369,3.00E+00
370,7.00E+00
371,8.00E+00
372,2.00E+00
373,9.00E+00
374,1.00E+00
375,3.00E+00
376,6.00E+00
377,8.00E+00
378,6.00E+00
379,6.00E+00
380,6.00E+00
381,7.00E+00
382,8.00E+00
383,4.00E+00
384,7.00E+00
385,3.00E+00
386,3.00E+00
387,4.00E+00
388,5.00E+00
389,5.00E+00
390,2.00E+00
391,6.00E+00
392,0.00E+00
393,2.00E+00
394,8.00E+00
395,6.00E+00
396,2.00E+00
397,3.00E+00
398,1.00E+00
399,9.00E+00
400,7.00E+00
401,2.00E+00
402,7.00E+00
403,5.00E+00
404,2.00E+00
405,4.00E+00
406,2.00E+00
407,6.00E+00
408,9.00E+00
409,7.00E+00
410,5.00E+00
411,1.00E+00
412,8.00E+00
413,9.00E+00
414,0.00E+00
415,3.00E+00
416,6.00E+00
417,3.00E+00
418,5.00E+00
419,0.00E+00
420,6.00E+00
421,6.00E+00
422,7.00E+00
423,8.00E+00
424,9.00E+00
425,0.00E+00
426,7.00E+00
427,2.00E+00
428,3.00E+00
429,1.00E+00
430,0.00E+00
431,6.00E+00
432,4.00E+00
433,6.00E+00
434,6.00E+00
435,0.00E+00
436,8.00E+00
437,9.00E+00
438,4.00E+00
439,2.00E+00
440,1.00E+00
441,0.00E+00
442,3.00E+00
443,0.00E+00
444,2.00E+00
445,8.00E+00
446,1.00E+00
447,3.00E+00
448,9.00E+00
449,2.00E+00
450,6.00E+00
451,4.00E+00
452,1.00E+00
453,7.00E+00
454,2.00E+00
455,7.00E+00
456,3.00E+00
457,5.00E+00
458,3.00E+00
459,6.00E+00
460,5.00E+00
461,0.00E+00
462,7.00E+00
463,5.00E+00
464,2.00E+00
465,9.00E+00
466,6.00E+00
467,0.00E+00
468,8.00E+00
469,1.00E+00
470,0.00E+00
471,6.00E+00
472,7.00E+00
473,9.00E+00
474,7.00E+00
475,2.00E+00
476,3.00E+00
477,4.00E+00
478,7.00E+00
479,6.00E+00
480,0.00E+00
481,7.00E+00
482,8.00E+00
483,1.00E+00
484,9.00E+00
485,2.00E+00
486,5.00E+00
487,3.00E+00
488,0.00E+00
489,4.00E+00
490,5.00E+00
491,7.00E+00
492,9.00E+00
493,5.00E+00
494,4.00E+00
495,1.00E+00
496,2.00E+00
497,2.00E+00
498,5.00E+00
499,9.00E+00
500,9.00E+00
501,4.00E+00
502,6.00E+00
503,0.00E+00
504,5.00E+00
505,5.00E+00
506,6.00E+00
507,2.00E+00
508,9.00E+00
509,6.00E+00
510,0.00E+00
511,9.00E+00
512,0.00E+00
513,2.00E+00
514,4.00E+00
515,0.00E+00
516,2.00E+00
517,3.00E+00
518,0.00E+00
519,2.00E+00
520,7.00E+00
521,0.00E+00
522,3.00E+00
523,2.00E+00
524,9.00E+00
525,7.00E+00
526,7.00E+00
527,2.00E+00
528,0.00E+00
529,0.00E+00
530,1.00E+00
531,2.00E+00
532,1.00E+00
533,9.00E+00
534,1.00E+00
535,2.00E+00
536,4.00E+00
537,5.00E+00
538,3.00E+00
539,7.00E+00
540,2.00E+00
541,3.00E+00
542,5.00E+00
543,8.00E+00
544,6.00E+00
545,7.00E+00
546,2.00E+00
547,3.00E+00
548,4.00E+00
549,4.00E+00
550,8.00E+00
551,0.00E+00
552,5.00E+00
553,1.00E+00
554,2.00E+00
555,3.00E+00
556,6.00E+00
557,1.00E+00
558,8.00E+00
559,4.00E+00
560,0.00E+00
561,1.00E+00
562,4.00E+00
563,6.00E+00
564,7.00E+00
565,4.00E+00
566,5.00E+00
567,1.00E+00
568,6.00E+00
569,3.00E+00
570,0.00E+00
571,3.00E+00
572,3.00E+00
573,3.00E+00
574,5.00E+00
575,3.00E+00
576,9.00E+00
577,5.00E+00
578,3.00E+00
579,3.00E+00
580,7.00E+00
581,7.00E+00
582,7.00E+00
583,0.00E+00
584,0.00E+00
585,5.00E+00
586,4.00E+00
587,5.00E+00
588,7.00E+00
589,9.00E+00
590,0.00E+00
591,2.00E+00
592,2.00E+00
593,4.00E+00
594,3.00E+00
595,3.00E+00
596,9.00E+00
597,2.00E+00
598,4.00E+00
599,8.00E+00
600,1.00E+00
601,2.00E+00
602,0.00E+00
603,8.00E+00
604,7.00E+00
605,1.00E+00
606,5.00E+00
607,7.00E+00
608,9.00E+00
609,6.00E+00
610,5.00E+00
611,7.00E+00
612,8.00E+00
613,8.00E+00
614,3.00E+00
615,9.00E+00
616,7.00E+00
617,3.00E+00
618,1.00E+00
619,2.00E+00
620,2.00E+00
621,9.00E+00
622,4.00E+00
623,9.00E+00
624,1.00E+00
625,2.00E+00
626,0.00E+00
627,6.00E+00
628,0.00E+00
629,7.00E+00
630,0.00E+00
631,1.00E+00
632,2.00E+00
633,9.00E+00
634,6.00E+00
635,2.00E+00
636,3.00E+00
637,9.00E+00
638,6.00E+00
639,5.00E+00
640,8.00E+00
641,0.00E+00
642,7.00E+00
643,6.00E+00
644,5.00E+00
645,9.00E+00
646,3.00E+00
647,2.00E+00
648,1.00E+00
649,0.00E+00
650,3.00E+00
651,4.00E+00
652,0.00E+00
653,1.00E+00
654,0.00E+00
655,9.00E+00
656,3.00E+00
657,9.00E+00
658,2.00E+00
659,2.00E+00
660,0.00E+00
661,7.00E+00
662,3.00E+00
663,0.00E+00
664,6.00E+00
665,2.00E+00
666,6.00E+00
667,2.00E+00
668,7.00E+00
669,8.00E+00
670,9.00E+00
671,5.00E+00
672,5.00E+00
673,6.00E+00
674,9.00E+00
675,0.00E+00
676,7.00E+00
677,9.00E+00
678,7.00E+00
679,3.00E+00
680,9.00E+00
681,3.00E+00
682,7.00E+00
683,7.00E+00
684,3.00E+00
685,2.00E+00
686,1.00E+00
687,4.00E+00
688,3.00E+00
689,8.00E+00
690,4.00E+00
691,0.00E+00
692,2.00E+00
693,9.00E+00
694,5.00E+00
695,4.00E+00
696,1.00E+00
697,4.00E+00
698,5.00E+00
699,0.00E+00
700,3.00E+00
701,9.00E+00
702,3.00E+00
703,1.00E+00
704,4.00E+00
705,8.00E+00
706,6.00E+00
707,6.00E+00
708,8.00E+00
709,2.00E+00
710,0.00E+00
711,2.00E+00
712,3.00E+00
713,3.00E+00
714,3.00E+00
715,9.00E+00
716,1.00E+00
717,7.00E+00
718,4.00E+00
719,1.00E+00
720,7.00E+00
721,3.00E+00
722,0.00E+00
723,4.00E+00
724,8.00E+00
725,5.00E+00
726,7.00E+00
727,9.00E+00
728,9.00E+00
729,4.00E+00
730,0.00E+00
731,2.00E+00
732,3.00E+00
733,3.00E+00
734,4.00E+00
735,7.00E+00
736,8.00E+00
737,4.00E+00
738,2.00E+00
739,3.00E+00
740,9.00E+00
741,3.00E+00
742,6.00E+00
743,3.00E+00
744,2.00E+00
745,7.00E+00
746,6.00E+00
747,4.00E+00
748,4.00E+00
749,6.00E+00
750,2.00E+00
751,9.00E+00
752,7.00E+00
753,4.00E+00
754,3.00E+00
755,1.00E+00
756,8.00E+00
757,1.00E+00
758,2.00E+00
759,3.00E+00
760,5.00E+00
761,0.00E+00
762,1.00E+00
763,2.00E+00
764,1.00E+00
765,5.00E+00
766,0.00E+00
767,3.00E+00
768,8.00E+00
769,5.00E+00
770,5.00E+00
771,9.00E+00
772,6.00E+00
773,8.00E+00
774,5.00E+00
775,9.00E+00
776,8.00E+00
777,4.00E+00
778,1.00E+00
779,2.00E+00
780,2.00E+00
781,7.00E+00
782,7.00E+00
783,5.00E+00
784,5.00E+00
785,4.00E+00
786,3.00E+00
787,0.00E+00
788,6.00E+00
789,4.00E+00
790,6.00E+00
791,9.00E+00
792,1.00E+00
793,8.00E+00
794,4.00E+00
795,4.00E+00
796,5.00E+00
797,7.00E+00
798,5.00E+00
799,9.00E+00
800,1.00E+00
801,8.00E+00
802,0.00E+00
803,6.00E+00
804,0.00E+00
805,2.00E+00
806,8.00E+00
807,7.00E+00
808,3.00E+00
809,5.00E+00
810,0.00E+00
811,7.00E+00
812,1.00E+00
813,9.00E+00
814,2.00E+00
815,8.00E+00
816,4.00E+00
817,5.00E+00
818,1.00E+00
819,4.00E+00
820,8.00E+00
821,3.00E+00
822,5.00E+00
823,3.00E+00
824,3.00E+00
825,1.00E+00
826,1.00E+00
827,1.00E+00
828,1.00E+00
829,0.00E+00
830,4.00E+00
831,2.00E+00
832,3.00E+00
833,8.00E+00
834,8.00E+00
835,7.00E+00
836,9.00E+00
837,3.00E+00
838,2.00E+00
839,7.00E+00
840,0.00E+00
841,6.00E+00
842,5.00E+00
843,7.00E+00
844,4.00E+00
845,8.00E+00
846,9.00E+00
847,9.00E+00
848,2.00E+00
849,9.00E+00
850,5.00E+00
851,1.00E+00
852,6.00E+00
853,6.00E+00
854,2.00E+00
855,7.00E+00
856,0.00E+00
857,9.00E+00
858,1.00E+00
859,3.00E+00
860,5.00E+00
861,2.00E+00
862,6.00E+00
863,1.00E+00
864,0.00E+00
865,9.00E+00
866,2.00E+00
867,5.00E+00
868,6.00E+00
869,0.00E+00
870,9.00E+00
871,2.00E+00
872,5.00E+00
873,8.00E+00
874,7.00E+00
875,4.00E+00
876,5.00E+00
877,2.00E+00
878,0.00E+00
879,7.00E+00
880,3.00E+00
881,5.00E+00
882,3.00E+00
883,9.00E+00
884,8.00E+00
885,3.00E+00
886,4.00E+00
887,3.00E+00
888,1.00E+00
889,7.00E+00
890,9.00E+00
891,6.00E+00
892,9.00E+00
893,8.00E+00
894,9.00E+00
895,1.00E+00
896,1.00E+00
897,4.00E+00
898,1.00E+00
899,4.00E+00
900,9.00E+00
901,8.00E+00
902,3.00E+00
903,2.00E+00
904,9.00E+00
905,2.00E+00
906,8.00E+00
907,4.00E+00
908,5.00E+00
909,2.00E+00
910,5.00E+00
911,3.00E+00
912,9.00E+00
913,7.00E+00
914,6.00E+00
915,5.00E+00
916,8.00E+00
917,4.00E+00
918,1.00E+00
919,7.00E+00
920,7.00E+00
921,5.00E+00
922,7.00E+00
923,1.00E+00
924,5.00E+00
925,0.00E+00
926,6.00E+00
927,1.00E+00
928,7.00E+00
929,2.00E+00
930,0.00E+00
931,6.00E+00
932,2.00E+00
933,1.00E+00
934,4.00E+00
935,6.00E+00
936,3.00E+00
937,6.00E+00
938,2.00E+00
939,3.00E+00
940,4.00E+00
941,8.00E+00
942,4.00E+00
943,0.00E+00
944,6.00E+00
945,4.00E+00
946,6.00E+00
947,2.00E+00
948,7.00E+00
949,9.00E+00
950,7.00E+00
951,3.00E+00
952,1.00E+00
953,8.00E+00
954,5.00E+00
955,9.00E+00
956,4.00E+00
957,5.00E+00
958,1.00E+00
959,5.00E+00
960,3.00E+00
961,6.00E+00
962,7.00E+00
963,6.00E+00
964,9.00E+00
965,4.00E+00
966,9.00E+00
967,6.00E+00
968,9.00E+00
969,1.00E+00
970,4.00E+00
971,5.00E+00
972,6.00E+00
973,5.00E+00
974,9.00E+00
975,4.00E+00
976,2.00E+00
977,2.00E+00
978,1.00E+00
979,8.00E+00
980,5.00E+00
981,4.00E+00
982,2.00E+00
983,8.00E+00
984,6.00E+00
985,1.00E+00
986,1.00E+00
987,8.00E+00
988,7.00E+00
989,3.00E+00
990,2.00E+00
991,2.00E+00
992,1.00E+00
993,5.00E+00
994,9.00E+00
995,1.00E+00
996,0.00E+00
997,4.00E+00
998,7.00E+00
999,3.00E+00
1000,8.00E+00
1001,8.00E+00
1002,4.00E+00
1003,7.00E+00
1004,6.00E+00
1005,5.00E+00
1006,1.00E+00
1007,7.00E+00
1008,2.00E+00
1009,7.00E+00
1010,6.00E+00
1011,0.00E+00
1012,0.00E+00
1013,6.00E+00
1014,0.00E+00
1015,7.00E+00
1016,0.00E+00
1017,9.00E+00
1018,8.00E+00
1019,3.00E+00
1020,7.00E+00
1021,0.00E+00
1022,7.00E+00
1023,6.00E+00
1024,4.00E+00
1025,3.00E+00
1026,2.00E+00
1027,0.00E+00
1028,2.00E+00
1029,8.00E+00
1030,5.00E+00
1031,1.00E+00
1032,4.00E+00
1033,9.00E+00
1034,0.00E+00
1035,9.00E+00
1036,3.00E+00
1037,5.00E+00
1038,7.00E+00
1039,6.00E+00
1040,1.00E+00
1041,8.00E+00
1042,6.00E+00
1043,9.00E+00
1044,7.00E+00
1045,2.00E+00
1046,8.00E+00
1047,0.00E+00
1048,4.00E+00
1049,6.00E+00
1050,1.00E+00
1051,0.00E+00
1052,2.00E+00
1053,7.00E+00
1054,6.00E+00
1055,8.00E+00
1056,1.00E+00
1057,9.00E+00
1058,9.00E+00
1059,7.00E+00
1060,7.00E+00
1061,0.00E+00
1062,9.00E+00
1063,7.00E+00
1064,6.00E+00
1065,1.00E+00
1066,7.00E+00
1067,2.00E+00
1068,6.00E+00
1069,0.00E+00
1070,9.00E+00
1071,6.00E+00
1072,5.00E+00
1073,7.00E+00
1074,6.00E+00
1075,0.00E+00
1076,7.00E+00
1077,4.00E+00
1078,4.00E+00
1079,6.00E+00
1080,6.00E+00
1081,4.00E+00
1082,8.00E+00
1083,9.00E+00
1084,9.00E+00
1085,8.00E+00
1086,0.00E+00
1087,2.00E+00
1088,8.00E+00
1089,7.00E+00
1090,7.00E+00
1091,5.00E+00
1092,7.00E+00
1093,1.00E+00
1094,8.00E+00
1095,0.00E+00
1096,1.00E+00
1097,2.00E+00
1098,0.00E+00
1099,9.00E+00
1100,4.00E+00
1101,7.00E+00
1102,8.00E+00
1103,8.00E+00
1104,6.00E+00
1105,1.00E+00
1106,2.00E+00
1107,5.00E+00
1108,1.00E+00
1109,6.00E+00
1110,4.00E+00
1111,3.00E+00
1112,3.00E+00
1113,7.00E+00
1114,7.00E+00
1115,1.00E+00
1116,4.00E+00
1117,1.00E+00
1118,7.00E+00
1119,0.00E+00
1120,7.00E+00
1121,5.00E+00
1122,4.00E+00
1123,6.00E+00
1124,2.00E+00
1125,8.00E+00
1126,1.00E+00
1127,2.00E+00
1128,8.00E+00
1129,6.00E+00
1130,4.00E+00
1131,7.00E+00
1132,0.00E+00
1133,8.00E+00
1134,4.00E+00
1135,5.00E+00
1136,7.00E+00
1137,4.00E+00
1138,8.00E+00
1139,0.00E+00
1140,6.00E+00
1141,5.00E+00
1142,0.00E+00
1143,7.00E+00
1144,6.00E+00
1145,6.00E+00
1146,5.00E+00
1147,7.00E+00
1148,6.00E+00
1149,3.00E+00
1150,8.00E+00
1151,5.00E+00
1152,0.00E+00
1153,7.00E+00
1154,5.00E+00
1155,0.00E+00
1156,9.00E+00
1157,6.00E+00
1158,1.00E+00
1159,7.00E+00
1160,2.00E+00
1161,0.00E+00
1162,7.00E+00
1163,7.00E+00
1164,8.00E+00
1165,2.00E+00
1166,9.00E+00
1167,6.00E+00
1168,0.00E+00
1169,6.00E+00
1170,7.00E+00
1171,2.00E+00
1172,8.00E+00
1173,1.00E+00
1174,1.00E+00
1175,4.00E+00
1176,1.00E+00
1177,1.00E+00
1178,6.00E+00
1179,9.00E+00
1180,5.00E+00
1181,1.00E+00
1182,0.00E+00
1183,5.00E+00
1184,6.00E+00
1185,6.00E+00
1186,8.00E+00
1187,8.00E+00
1188,9.00E+00
1189,9.00E+00
1190,2.00E+00
1191,7.00E+00
1192,4.00E+00
1193,2.00E+00
1194,4.00E+00
1195,9.00E+00
1196,8.00E+00
1197,1.00E+00
1198,8.00E+00
1199,2.00E+00
1200,7.00E+00
1201,7.00E+00
1202,1.00E+00
1203,1.00E+00
1204,7.00E+00
1205,2.00E+00
1206,3.00E+00
1207,5.00E+00
1208,8.00E+00
1209,1.00E+00
1210,7.00E+00
1211,9.00E+00
1212,1.00E+00
1213,8.00E+00
1214,5.00E+00
1215,3.00E+00
1216,9.00E+00
1217,7.00E+00
1218,8.00E+00
1219,3.00E+00
1220,1.00E+00
1221,9.00E+00
1222,1.00E+00
1223,4.00E+00
1224,5.00E+00
1225,5.00E+00
1226,9.00E+00
1227,1.00E+00
1228,6.00E+00
1229,4.00E+00
1230,7.00E+00
1231,1.00E+00
1232,9.00E+00
1233,7.00E+00
1234,9.00E+00
1235,9.00E+00
1236,2.00E+00
1237,0.00E+00
1238,0.00E+00
1239,0.00E+00
1240,3.00E+00
1241,5.00E+00
1242,3.00E+00
1243,0.00E+00
1244,9.00E+00
1245,1.00E+00
1246,9.00E+00
1247,5.00E+00
1248,8.00E+00
1249,7.00E+00
1250,3.00E+00
1251,8.00E+00
1252,9.00E+00
1253,7.00E+00
1254,2.00E+00
1255,4.00E+00
1256,6.00E+00
1257,3.00E+00
1258,2.00E+00
1259,2.00E+00
1260,8.00E+00
1261,7.00E+00
1262,4.00E+00
1263,4.00E+00
1264,9.00E+00
1265,0.00E+00
1266,6.00E+00
1267,3.00E+00
1268,5.00E+00
1269,9.00E+00
1270,2.00E+00
1271,1.00E+00
1272,1.00E+00
1273,8.00E+00
1274,8.00E+00
1275,1.00E+00
1276,6.00E+00
1277,8.00E+00
1278,2.00E+00
1279,7.00E+00
1280,6.00E+00
1281,8.00E+00
1282,6.00E+00
1283,6.00E+00
1284,5.00E+00
1285,4.00E+00
1286,1.00E+00
1287,8.00E+00
1288,6.00E+00
1289,3.00E+00
1290,4.00E+00
1291,9.00E+00
1292,8.00E+00
1293,7.00E+00
1294,3.00E+00
1295,6.00E+00
1296,4.00E+00
1297,2.00E+00
1298,8.00E+00
1299,4.00E+00
1300,7.00E+00
1301,7.00E+00
1302,5.00E+00
1303,5.00E+00
1304,1.00E+00
1305,6.00E+00
1306,5.00E+00
1307,4.00E+00
1308,7.00E+00
1309,6.00E+00
1310,7.00E+00
1311,2.00E+00
1312,0.00E+00
1313,8.00E+00
1314,2.00E+00
1315,7.00E+00
1316,0.00E+00
1317,4.00E+00
1318,8.00E+00
1319,4.00E+00
1320,3.00E+00
1321,9.00E+00
1322,2.00E+00
1323,4.00E+00
1324,0.00E+00
1325,7.00E+00
1326,9.00E+00
1327,9.00E+00
1328,9.00E+00
1329,9.00E+00
1330,8.00E+00
1331,3.00E+00
1332,1.00E+00
1333,3.00E+00
1334,1.00E+00
1335,1.00E+00
1336,3.00E+00
1337,1.00E+00
1338,6.00E+00
1339,1.00E+00
1340,8.00E+00
1341,1.00E+00
1342,6.00E+00
1343,3.00E+00
1344,4.00E+00
1345,7.00E+00
1346,3.00E+00
1347,1.00E+00
1348,5.00E+00
1349,3.00E+00
1350,8.00E+00
1351,9.00E+00
1352,9.00E+00
1353,0.00E+00
1354,2.00E+00
1355,6.00E+00
1356,1.00E+00
1357,5.00E+00
1358,2.00E+00
1359,9.00E+00
1360,6.00E+00
1361,1.00E+00
1362,4.00E+00
1363,4.00E+00
1364,3.00E+00
1365,2.00E+00
1366,6.00E+00
1367,0.00E+00
1368,0.00E+00
1369,2.00E+00
1370,3.00E+00
1371,2.00E+00
1372,7.00E+00
1373,8.00E+00
1374,3.00E+00
1375,1.00E+00
1376,8.00E+00
1377,4.00E+00
1378,8.00E+00
1379,4.00E+00
1380,2.00E+00
1381,8.00E+00
1382,9.00E+00
1383,7.00E+00
1384,8.00E+00
1385,2.00E+00
1386,7.00E+00
1387,1.00E+00
1388,6.00E+00
1389,0.00E+00
1390,5.00E+00
1391,0.00E+00
1392,6.00E+00
1393,2.00E+00
1394,5.00E+00
1395,1.00E+00
1396,1.00E+00
1397,0.00E+00
1398,5.00E+00
1399,2.00E+00
1400,1.00E+00
1401,2.00E+00
1402,0.00E+00
1403,3.00E+00
1404,7.00E+00
1405,1.00E+00
1406,9.00E+00
1407,6.00E+00
1408,6.00E+00
1409,5.00E+00
1410,2.00E+00
1411,3.00E+00
1412,1.00E+00
1413,1.00E+00
1414,4.00E+00
1415,6.00E+00
1416,2.00E+00
1417,9.00E+00
1418,3.00E+00
1419,7.00E+00
1420,3.00E+00
1421,7.00E+00
1422,5.00E+00
1423,4.00E+00
1424,3.00E+00
1425,4.00E+00
1426,7.00E+00
1427,1.00E+00
1428,3.00E+00
1429,9.00E+00
1430,7.00E+00
1431,8.00E+00
1432,8.00E+00
1433,7.00E+00
1434,1.00E+00
1435,0.00E+00
1436,7.00E+00
1437,8.00E+00
1438,4.00E+00
1439,7.00E+00
1440,0.00E+00
1441,0.00E+00
1442,1.00E+00
1443,5.00E+00
1444,3.00E+00
1445,9.00E+00
1446,1.00E+00
1447,1.00E+00
1448,1.00E+00
1449,8.00E+00
1450,6.00E+00
1451,6.00E+00
1452,9.00E+00
1453,1.00E+00
1454,7.00E+00
1455,8.00E+00
1456,5.00E+00
1457,1.00E+00
1458,9.00E+00
1459,8.00E+00
1460,3.00E+00
1461,8.00E+00
1462,4.00E+00
1463,9.00E+00
1464,5.00E+00
1465,8.00E+00
1466,7.00E+00
1467,3.00E+00
1468,5.00E+00
1469,3.00E+00
1470,9.00E+00
1471,0.00E+00
1472,2.00E+00
1473,9.00E+00
1474,5.00E+00
1475,2.00E+00
1476,6.00E+00
1477,5.00E+00
1478,7.00E+00
1479,6.00E+00
1480,5.00E+00
1481,5.00E+00
1482,8.00E+00
1483,4.00E+00
1484,5.00E+00
1485,4.00E+00
1486,1.00E+00
1487,6.00E+00
1488,3.00E+00
1489,9.00E+00
1490,0.00E+00
1491,6.00E+00
1492,2.00E+00
1493,7.00E+00
1494,6.00E+00
1495,7.00E+00
1496,7.00E+00
1497,0.00E+00
1498,5.00E+00
1499,9.00E+00
1500,8.00E+00
1501,2.00E+00
1502,7.00E+00
1503,0.00E+00
1504,5.00E+00
1505,5.00E+00
1506,5.00E+00
1507,4.00E+00
1508,3.00E+00
1509,9.00E+00
1510,4.00E+00
1511,0.00E+00
1512,6.00E+00
1513,5.00E+00
1514,5.00E+00
1515,1.00E+00
1516,5.00E+00
1517,2.00E+00
1518,3.00E+00
1519,2.00E+00
1520,9.00E+00
1521,6.00E+00
1522,9.00E+00
1523,9.00E+00
1524,8.00E+00
1525,9.00E+00
1526,7.00E+00
1527,4.00E+00
1528,8.00E+00
1529,9.00E+00
1530,3.00E+00
1531,3.00E+00
1532,1.00E+00
1533,5.00E+00
1534,2.00E+00
1535,2.00E+00
1536,4.00E+00
1537,3.00E+00
1538,7.00E+00
1539,8.00E+00
1540,9.00E+00
1541,3.00E+00
1542,7.00E+00
1543,7.00E+00
1544,8.00E+00
1545,8.00E+00
1546,0.00E+00
1547,9.00E+00
1548,3.00E+00
1549,1.00E+00
1550,5.00E+00
1551,8.00E+00
1552,7.00E+00
1553,1.00E+00
1554,3.00E+00
1555,9.00E+00
1556,5.00E+00
1557,2.00E+00
1558,1.00E+00
1559,8.00E+00
1560,3.00E+00
1561,7.00E+00
1562,5.00E+00
1563,8.00E+00
1564,7.00E+00
1565,2.00E+00
1566,3.00E+00
1567,9.00E+00
1568,4.00E+00
1569,8.00E+00
1570,7.00E+00
1571,1.00E+00
1572,1.00E+00
1573,4.00E+00
1574,9.00E+00
1575,8.00E+00
1576,3.00E+00
1577,7.00E+00
1578,3.00E+00
1579,2.00E+00
1580,5.00E+00
1581,2.00E+00
1582,8.00E+00
1583,3.00E+00
1584,1.00E+00
1585,7.00E+00
1586,7.00E+00
1587,0.00E+00
1588,1.00E+00
1589,3.00E+00
1590,1.00E+00
1591,0.00E+00
1592,5.00E+00
1593,2.00E+00
1594,1.00E+00
1595,4.00E+00
1596,1.00E+00
1597,8.00E+00
1598,3.00E+00
1599,7.00E+00
1600,3.00E+00
1601,8.00E+00
1602,9.00E+00
1603,5.00E+00
1604,0.00E+00
1605,8.00E+00
1606,7.00E+00
1607,9.00E+00
1608,6.00E+00
1609,3.00E+00
1610,4.00E+00
1611,5.00E+00
1612,8.00E+00
1613,6.00E+00
1614,9.00E+00
1615,7.00E+00
1616,8.00E+00
1617,9.00E+00
1618,2.00E+00
1619,9.00E+00
1620,4.00E+00
1621,8.00E+00
1622,9.00E+00
1623,5.00E+00
1624,8.00E+00
1625,3.00E+00
1626,1.00E+00
1627,9.00E+00
1628,1.00E+00
1629,7.00E+00
1630,6.00E+00
1631,5.00E+00
1632,8.00E+00
1633,1.00E+00
1634,1.00E+00
1635,2.00E+00
1636,5.00E+00
1637,6.00E+00
1638,4.00E+00
1639,7.00E+00
1640,5.00E+00
1641,2.00E+00
1642,2.00E+00
1643,5.00E+00
1644,5.00E+00
1645,2.00E+00
1646,4.00E+00
1647,3.00E+00
1648,7.00E+00
1649,7.00E+00
1650,7.00E+00
1651,2.00E+00
1652,4.00E+00
1653,7.00E+00
1654,2.00E+00
1655,4.00E+00
1656,0.00E+00
1657,6.00E+00
1658,4.00E+00
1659,7.00E+00
1660,4.00E+00
1661,9.00E+00
1662,2.00E+00
1663,6.00E+00
1664,0.00E+00
1665,3.00E+00
1666,9.00E+00
1667,2.00E+00
1668,2.00E+00
1669,4.00E+00
1670,8.00E+00
1671,1.00E+00
1672,0.00E+00
1673,8.00E+00
1674,9.00E+00
1675,2.00E+00
1676,5.00E+00
1677,2.00E+00
1678,8.00E+00
1679,7.00E+00
1680,7.00E+00
1681,6.00E+00
1682,9.00E+00
1683,3.00E+00
1684,2.00E+00
1685,0.00E+00
1686,7.00E+00
1687,4.00E+00
1688,0.00E+00
1689,0.00E+00
1690,8.00E+00
1691,7.00E+00
1692,2.00E+00
1693,8.00E+00
1694,1.00E+00
1695,5.00E+00
1696,3.00E+00
1697,2.00E+00
1698,4.00E+00
1699,2.00E+00
1700,6.00E+00
1701,3.00E+00
1702,6.00E+00
1703,8.00E+00
1704,0.00E+00
1705,9.00E+00
1706,9.00E+00
1707,7.00E+00
1708,8.00E+00
1709,0.00E+00
1710,4.00E+00
1711,2.00E+00
1712,6.00E+00
1713,9.00E+00
1714,8.00E+00
1715,7.00E+00
1716,6.00E+00
1717,4.00E+00
1718,0.00E+00
1719,2.00E+00
1720,3.00E+00
1721,9.00E+00
1722,0.00E+00
1723,2.00E+00
1724,0.00E+00
1725,2.00E+00
1726,1.00E+00
1727,8.00E+00
1728,6.00E+00
1729,7.00E+00
1730,3.00E+00
1731,9.00E+00
1732,3.00E+00
1733,2.00E+00
1734,7.00E+00
1735,2.00E+00
1736,0.00E+00
1737,9.00E+00
1738,9.00E+00
1739,5.00E+00
1740,3.00E+00
1741,7.00E+00
1742,4.00E+00
1743,6.00E+00
1744,5.00E+00
1745,6.00E+00
1746,9.00E+00
1747,8.00E+00
1748,2.00E+00
1749,1.00E+00
1750,7.00E+00
1751,6.00E+00
1752,0.00E+00
1753,5.00E+00
1754,7.00E+00
1755,7.00E+00
1756,2.00E+00
1757,3.00E+00
1758,0.00E+00
1759,2.00E+00
1760,2.00E+00
1761,0.00E+00
1762,3.00E+00
1763,9.00E+00
1764,1.00E+00
1765,6.00E+00
1766,5.00E+00
1767,3.00E+00
1768,1.00E+00
1769,4.00E+00
1770,9.00E+00
1771,0.00E+00
1772,3.00E+00
1773,1.00E+00
1774,0.00E+00
1775,3.00E+00
1776,8.00E+00
1777,1.00E+00
1778,5.00E+00
1779,4.00E+00
1780,9.00E+00
1781,2.00E+00
1782,1.00E+00
1783,2.00E+00
1784,3.00E+00
1785,1.00E+00
1786,0.00E+00
1787,2.00E+00
1788,6.00E+00
1789,2.00E+00
1790,8.00E+00
1791,7.00E+00
1792,0.00E+00
1793,3.00E+00
1794,7.00E+00
1795,7.00E+00
1796,5.00E+00
1797,0.00E+00
1798,5.00E+00
1799,5.00E+00
1800,1.00E+00
1801,4.00E+00
1802,4.00E+00
1803,7.00E+00
1804,4.00E+00
1805,2.00E+00
1806,8.00E+00
1807,5.00E+00
1808,2.00E+00
1809,8.00E+00
1810,9.00E+00
1811,9.00E+00
1812,0.00E+00
1813,4.00E+00
1814,7.00E+00
1815,3.00E+00
1816,2.00E+00
1817,7.00E+00
1818,4.00E+00
1819,0.00E+00
1820,9.00E+00
1821,3.00E+00
1822,7.00E+00
1823,6.00E+00
1824,2.00E+00
1825,0.00E+00
1826,6.00E+00
1827,0.00E+00
1828,4.00E+00
1829,3.00E+00
1830,3.00E+00
1831,5.00E+00
1832,0.00E+00
1833,8.00E+00
1834,8.00E+00
1835,3.00E+00
1836,0.00E+00
1837,9.00E+00
1838,5.00E+00
1839,2.00E+00
1840,4.00E+00
1841,7.00E+00
1842,4.00E+00
1843,6.00E+00
1844,4.00E+00
1845,7.00E+00
1846,2.00E+00
1847,5.00E+00
1848,9.00E+00
1849,2.00E+00
1850,3.00E+00
1851,9.00E+00
1852,6.00E+00
1853,4.00E+00
1854,3.00E+00
1855,6.00E+00
1856,8.00E+00
1857,0.00E+00
1858,3.00E+00
1859,5.00E+00
1860,8.00E+00
1861,2.00E+00
1862,3.00E+00
1863,0.00E+00
1864,2.00E+00
1865,7.00E+00
1866,5.00E+00
1867,8.00E+00
1868,7.00E+00
1869,2.00E+00
1870,0.00E+00
1871,6.00E+00
1872,6.00E+00
1873,4.00E+00
1874,9.00E+00
1875,0.00E+00
1876,1.00E+00
1877,6.00E+00
1878,4.00E+00
1879,0.00E+00
1880,9.00E+00
1881,7.00E+00
1882,8.00E+00
1883,2.00E+00
1884,6.00E+00
1885,5.00E+00
1886,2.00E+00
1887,4.00E+00
1888,3.00E+00
1889,7.00E+00
1890,0.00E+00
1891,6.00E+00
1892,2.00E+00
1893,3.00E+00
1894,0.00E+00
1895,8.00E+00
1896,3.00E+00
1897,3.00E+00
1898,0.00E+00
1899,5.00E+00
1900,9.00E+00
1901,2.00E+00
1902,6.00E+00
1903,1.00E+00
1904,6.00E+00
1905,5.00E+00
1906,2.00E+00
1907,1.00E+00
1908,3.00E+00
1909,5.00E+00
1910,8.00E+00
1911,6.00E+00
1912,0.00E+00
1913,8.00E+00
1914,8.00E+00
1915,0.00E+00
1916,1.00E+00
1917,7.00E+00
1918,8.00E+00
1919,6.00E+00
1920,6.00E+00
1921,2.00E+00
1922,6.00E+00
1923,9.00E+00
1924,9.00E+00
1925,4.00E+00
1926,8.00E+00
1927,9.00E+00
1928,2.00E+00
1929,0.00E+00
1930,6.00E+00
1931,3.00E+00
1932,8.00E+00
1933,9.00E+00
1934,6.00E+00
1935,2.00E+00
1936,6.00E+00
1937,3.00E+00
1938,4.00E+00
1939,3.00E+00
1940,9.00E+00
1941,2.00E+00
1942,8.00E+00
1943,7.00E+00
1944,1.00E+00
1945,0.00E+00
1946,7.00E+00
1947,2.00E+00
1948,0.00E+00
1949,5.00E+00
1950,6.00E+00
1951,4.00E+00
1952,8.00E+00
1953,0.00E+00
1954,7.00E+00
1955,1.00E+00
1956,0.00E+00
1957,1.00E+00
1958,2.00E+00
1959,2.00E+00
1960,2.00E+00
1961,3.00E+00
1962,1.00E+00
1963,5.00E+00
1964,1.00E+00
1965,7.00E+00
1966,9.00E+00
1967,2.00E+00
1968,9.00E+00
1969,7.00E+00
1970,9.00E+00
1971,0.00E+00
1972,8.00E+00
1973,5.00E+00
1974,5.00E+00
1975,7.00E+00
1976,0.00E+00
1977,7.00E+00
1978,6.00E+00
1979,5.00E+00
1980,8.00E+00
1981,3.00E+00
1982,5.00E+00
1983,7.00E+00
1984,2.00E+00
1985,0.00E+00
1986,5.00E+00
1987,3.00E+00
1988,0.00E+00
1989,8.00E+00
1990,3.00E+00
1991,9.00E+00
1992,3.00E+00
1993,1.00E+00
1994,4.00E+00
1995,8.00E+00
1996,1.00E+00
1997,7.00E+00
1998,2.00E+00
1999,5.00E+00
